<?xml version="1.0" encoding="UTF-8" standalone="no"?>
<registration_data version="1.0">
   <environment>
      <hostname>martinlippe50d5</hostname>
      <hostId/>
      <osName>Windows XP</osName>
      <osVersion>5.1</osVersion>
      <osArchitecture>x86</osArchitecture>
      <systemModel>Parallels Virtual Platform</systemModel>
      <systemManufacturer>Parallels Software International Inc.</systemManufacturer>
      <cpuManufacturer>GenuineIntel</cpuManufacturer>
      <serialNumber>Parallels-FC 42 66 4C 03 0F 4D 58 B8 FA 3A B2 F2 E6 9C BD</serialNumber>
   </environment>
   <registry urn="urn:st:e2b876e5-bbe4-4b94-b20e-86042a3da05a" version="1.0">
      <service_tag>
         <instance_urn>urn:st:546b2c66-dbef-4453-942b-4b8ce93c15d1</instance_urn>
         <product_name>Java SE 6 Runtime Environment</product_name>
         <product_version>1.6.0_20</product_version>
         <product_urn>urn:uuid:92d1de8c-1e59-42c6-a280-1c379526bcbc</product_urn>
         <product_parent_urn>urn:uuid:fdc90b21-018d-4cab-b866-612c7c119ed3</product_parent_urn>
         <product_parent>Java Platform Standard Edition 6 (Java SE 6)</product_parent>
         <product_defined_inst_id>id=1.6.0_20-b02 x86,dir=C:\Programme\Java\jre6-20</product_defined_inst_id>
         <product_vendor>Sun Microsystems</product_vendor>
         <platform_arch>x86</platform_arch>
         <timestamp>2010-05-30 15:36:55 GMT</timestamp>
         <container>global</container>
         <source>Windows JRE installer</source>
         <installer_uid>-1</installer_uid>
      </service_tag>
   </registry>
</registration_data>
